,albicans_name(s),cerevisiae_name(s),pombe_name(s),albicans,cerevisiae,pombe,orthopattern
0,[nan],['YAL056W'],[nan],0,1,0,2
1,[nan],['YAL063C'],[nan],0,1,0,2
2,['C6_03710W_A'],['YAR050W'],[nan nan],1,1,0,6
3,['C4_06480C_A'],['YBL016W' 'YGR040W'],['SPAC31G5.09c'],1,1,1,7
4,['C7_04230W_A'],['YBR066C'],[nan nan],1,1,0,6
5,['C3_04530C_A'],['YBR083W'],[nan nan],1,1,0,6
6,['C4_01780C_A'],['YBR095C'],['SPBC428.06c'],1,1,1,7
7,['C4_04440W_A'],['YBR171W'],['SPBC409.21'],1,1,1,7
8,['C3_04290C_A'],['YBR289W'],['SPAC2F7.08c'],1,1,1,7
9,['C1_13270W_A'],['YCL047C'],['SPAC694.03'],1,1,1,7
10,[nan],['YCR089W'],[nan],0,1,0,2
11,['CR_02400W_A'],['YDL024C'],['SPBC21H7.03c' 'SPBC428.03c' 'SPBP4G3.02'],1,1,1,7
12,['C5_01250W_A'],['YDL035C'],['SPCC1753.02c'],1,1,1,7
13,['CR_03900W_A'],['YDL159W'],['SPAC1D4.13'],1,1,1,7
14,['CR_08070W_A'],['YDL230W'],['SPAC11E3.09'],1,1,1,7
15,[nan],['YDR043C'],[nan],0,1,0,2
16,['C6_04430W_A'],['YDR103W'],[nan nan],1,1,0,6
17,['C4_02550C_A'],['YDR107C' 'YLR083C'],['SPBC1105.08'],1,1,1,7
18,['C4_06880C_A'],['YDR363W-A'],['SPAC3G6.02'],1,1,1,7
19,['CR_10450C_A'],['YDR392W'],['SPCC61.02'],1,1,1,7
20,['C5_01320W_A'],['YDR477W'],['SPCC74.03c'],1,1,1,7
21,['C3_01800C_A'],['YDR480W'],[nan nan],1,1,0,6
22,['C3_03040W_A'],['YEL071W'],['SPBC713.03'],1,1,1,7
23,['C3_02240C_A'],['YER020W'],['SPAC23H3.13c'],1,1,1,7
24,['C2_09230C_A' 'nan'],['YER027C' 'YGL208W'],['SPCC1919.03c'],1,1,1,7
25,['C6_04350C_A'],['YER109C'],['SPBC1289.10c' 'SPCC1494.10'],1,1,1,7
26,['CR_01260W_A'],['YER113C'],[nan],1,1,0,6
27,['C2_08490W_A'],['YER124C'],[nan nan],1,1,0,6
28,['C1_10640C_A'],['YER149C'],[nan nan],1,1,0,6
29,['C5_02080C_A' 'C5_02110W_A'],['YFL014W'],['SPAP8A3.04c'],1,1,1,7
30,[nan],['YGL032C'],[nan],0,1,0,2
31,[nan],['YGL121C'],[nan],0,1,0,2
32,['C5_04640C_A'],['YGR270W'],['SPAC31G5.19' 'SPBP22H7.05c'],1,1,1,7
33,['C5_02340C_A'],['YHL007C'],['SPBC1604.14c'],1,1,1,7
34,['CR_00120C_A'],['YHR030C'],['SPBC119.08'],1,1,1,7
35,['C4_03590C_A'],['YHR073W'],['SPAC23H4.01c'],1,1,1,7
36,['C1_07370C_A'],['YHR084W'],[nan nan],1,1,0,6
37,['C1_10930C_A'],['YHR111W'],['SPAC2G11.10c'],1,1,1,7
38,[nan],['YHR211W'],[nan],0,1,0,2
39,[nan],['YHR213W'],[nan],0,1,0,2
40,['C1_11160C_A'],['YIL008W'],['SPCC548.04'],1,1,1,7
41,['C4_01950W_A'],['YIL034C'],['SPAC631.01c'],1,1,1,7
42,['CR_06780W_A'],['YIL084C'],['SPAC25B8.02'],1,1,1,7
43,[nan],['YIR019C'],[nan],0,1,0,2
44,['C3_04020C_A'],['YJL089W'],[nan nan],1,1,0,6
45,[nan],['YJR004C'],[nan],0,1,0,2
46,['C5_00490C_A'],['YKL092C'],[nan nan],1,1,0,6
47,[nan],['YKR102W'],[nan],0,1,0,2
48,['C1_08450C_A'],['YLR229C'],['SPAC110.03'],1,1,1,7
49,['C2_03770C_A'],['YLR362W'],['SPBC1D7.05'],1,1,1,7
50,['C7_01250W_A'],['YMR116C'],['SPAC6B12.15'],1,1,1,7
51,['C5_03560W_A'],['YMR263W'],['SPAC3H1.03'],1,1,1,7
52,['C1_00220W_A'],['YMR307W'],['SPAC19B12.02c'],1,1,1,7
53,[nan],['YMR316W'],[nan],0,1,0,2
54,['CR_08460W_A'],['YNL079C'],['SPAC27F1.02c'],1,1,1,7
55,['C2_03430W_A' 'C2_10220C_A'],['YHR090C' 'YNL097C' 'YOR064C'],['SPAC3G9.08' 'SPBC1709.11c'],1,1,1,7
56,['CR_03550W_A'],['YNL119W'],['SPBC19C2.13c'],1,1,1,7
57,['C7_02200W_A'],['YDL224C' 'YNL197C'],['SPCC16C4.07' 'SPCC320.07c'],1,1,1,7
58,['C5_01950C_A'],['YNL294C'],[nan nan],1,1,0,6
59,[nan],['YNR044W'],[nan],0,1,0,2
60,['C1_08270C_A'],['YOL051W'],['SPBC146.01'],1,1,1,7
61,['C5_02860C_A' 'C6_03240W_A'],['YDR541C' 'YGL039W' 'YGL157W' 'YOL151W'],['SPAC513.07' 'SPBC1773.04'],1,1,1,7
62,['C3_00380C_A'],['YOR080W'],['SPCC338.16'],1,1,1,7
63,['C4_02000C_A'],['YOR127W'],['SPAC29A4.11' 'SPBC28E12.03'],1,1,1,7
64,['C2_04210W_A'],['YOR212W'],['SPBC32H8.07'],1,1,1,7
65,['C1_09380W_A'],['YOR275C'],['SPAC2G11.05c'],1,1,1,7
66,['C2_02100W_A'],['YIL126W' 'YOR290C'],['SPAC1250.01' 'SPCC1620.14c'],1,1,1,7
67,[nan],['YOR315W'],[nan],0,1,0,2
68,['C4_02150C_A'],['YOR371C'],[nan nan],1,1,0,6
69,[nan],['YPL049C'],[nan],0,1,0,2
70,['C4_01260W_A'],['YBR182C' 'YPL089C'],['SPBC317.01'],1,1,1,7
71,['C2_07210C_A'],['YJL164C' 'YKL166C' 'YPL203W'],['SPBC106.10'],1,1,1,7
72,[nan],['YSC0042'],[nan],0,1,0,2
73,['C6_03920W_A'],['YGL115W'],['SPAC1556.08c'],1,1,1,7
74,['C1_00060W_A'],['YCR084C'],['SPAC18B11.10' 'SPAC630.14c'],1,1,1,7
75,['C1_00080C_A'],['YIL036W'],[nan],1,1,0,6
76,['C1_00110W_A'],['YJL008C'],['SPBC337.05c'],1,1,1,7
77,['C1_00140W_A'],['YGR238C' 'YHR158C'],['SPAC6G10.02c' 'SPCC1223.06'],1,1,1,7
78,['C1_00150C_A'],['YGL045W'],[nan],1,1,0,6
79,['C1_00160C_A'],['YGR159C'],['SPAC140.02'],1,1,1,7
80,['C1_00180W_A'],['YIL133C' 'YNL069C'],['SPAC23A1.11' 'SPBC2G2.05' 'SPBC839.13c'],1,1,1,7
81,['C1_00490C_A'],['YCL035C' 'YDR513W'],['SPAC15E1.09' 'SPAC4F10.20'],1,1,1,7
82,['C1_00610W_A'],['YNL169C'],['SPAC25B8.03' 'SPBC16E9.18'],1,1,1,7
83,['C1_00620W_A'],['YFL034C-B'],['SPCC970.04c'],1,1,1,7
84,['C1_00650C_A'],['YLR025W'],['SPAC1142.07c'],1,1,1,7
85,['C1_00670C_A'],[nan],[nan],1,0,0,3
86,['C1_00730C_A'],['YLR433C' 'YML057W'],['SPBP4H10.04'],1,1,1,7
87,['C1_00780C_A'],['YPL256C'],[nan],1,1,0,6
88,['C1_00930C_A'],['YOL004W'],['SPAC23C11.15' 'SPBC12C2.10c' 'SPBC1734.16c'],1,1,1,7
89,['C1_00950C_A'],['YMR001C'],['SPAC23C11.16'],1,1,1,7
90,['C1_00960C_A'],['YHR119W'],['SPCC306.04c'],1,1,1,7
91,['C1_01130W_A'],['YIL046W'],['SPAC57A10.05c'],1,1,1,7
92,['C1_01170C_A'],[nan],[nan],1,0,0,3
93,['C1_01270W_A'],[nan],[nan],1,0,0,3
94,['C1_01760W_A'],[nan],[nan],1,0,0,3
95,['C1_01980W_A'],[nan],[nan],1,0,0,3
96,['C1_02120C_A'],['YDR247W' 'YPL026C'],['SPBC19C2.05'],1,1,1,7
97,['C1_02150W_A'],['YBR019C'],['SPBC365.14c' 'SPBPB2B2.12c'],1,1,1,7
98,['C1_02260C_A'],['YDL226C' 'YNL204C'],['SPCC622.14'],1,1,1,7
99,['C1_02480W_A'],['YFL045C'],['SPAC1556.07'],1,1,1,7
100,['C1_02840W_A'],['YOR360C'],[nan],1,1,0,6
101,['C1_02860C_A'],['YKL196C'],['SPBC13G1.11'],1,1,1,7
102,['C1_02920W_A'],['YLR418C'],['SPBC17G9.02c'],1,1,1,7
103,['C1_02990C_A'],['YDR261C' 'YLR300W' 'YOR190W'],['SPAC12B10.11' 'SPBC1105.05'],1,1,1,7
104,['C1_03110W_A'],['YLR448W' 'YML073C'],['SPCC622.18'],1,1,1,7
105,['C1_03190C_A'],['YBR078W' 'YCL048W' 'YDR055W' 'YDR522C'],['SPAC1705.03c' 'SPCC1223.12c'],1,1,1,7
106,['C1_03220C_A'],['YDR099W' 'YER177W'],['SPAC17A2.13c' 'SPAC8E11.02c'],1,1,1,7
107,['C1_03380W_A'],['YDR074W'],['SPAC19G12.15c' 'SPAC3G6.09c'],1,1,1,7
108,['C1_03500W_A'],['YFL038C'],['SPBC1703.10'],1,1,1,7
109,['C1_03510C_A'],[nan],[nan],1,0,0,3
110,['C1_03710C_A'],['YOR188W'],['SPAC32A11.01'],1,1,1,7
111,['C1_03730C_A'],['YJR131W'],['SPAC2E1P5.01c'],1,1,1,7
112,['C1_03740W_A'],['YML076C'],[nan],1,1,0,6
113,['C1_03770W_A'],['YNL167C'],[nan],1,1,0,6
114,['C1_03860C_A'],['YNL233W'],[nan],1,1,0,6
115,['C1_04020C_A'],[nan],[nan],1,0,0,3
116,['C1_04140W_A'],[nan],[nan],1,0,0,3
117,['C1_04300C_A' 'C1_13480W_A'],['YAL005C' 'YBL075C' 'YER103W' 'YLL024C'],['SPAC13G7.02c' 'SPCC1739.13'],1,1,1,7
118,['C1_04380W_A'],['YDL047W'],['SPCC1739.12'],1,1,1,7
119,['C1_04410C_A'],['YJR017C'],['SPCC16C4.03'],1,1,1,7
120,['C1_04520C_A'],['YPL031C'],['SPCC16C4.11'],1,1,1,7
121,['C1_04540C_A'],['YPL045W'],['SPAC824.05'],1,1,1,7
122,['C1_04770C_A'],['YLR056W'],['SPAC1687.16c' 'SPBC27B12.03c'],1,1,1,7
123,['C1_05070C_A'],['YJL062W'],['SPAC13G6.03'],1,1,1,7
124,['C1_05090W_A'],[nan],[nan],1,0,0,3
125,['C1_05140W_A'],[nan],[nan],1,0,0,3
126,['C1_05760C_A'],[nan],[nan],1,0,0,3
127,['C1_06010W_A'],['YHR142W'],[nan],1,1,0,6
128,['C1_06020W_A'],['YBR260C'],['SPBC23G7.08c'],1,1,1,7
129,['C1_06280C_A'],[nan],[nan],1,0,0,3
130,['C1_06370C_A'],[nan],[nan],1,0,0,3
131,['C1_06680W_A'],['YLR240W'],['SPAC458.05'],1,1,1,7
132,['C1_06810W_A'],['YDR256C' 'YGR088W'],['SPCC757.07c'],1,1,1,7
133,['C1_07070C_A'],['YDL160C'],['SPBC776.09'],1,1,1,7
134,['C1_07190W_A'],['YOR353C'],['SPBC887.09c'],1,1,1,7
135,['C1_07220W_A'],[nan],[nan],1,0,0,3
136,['C1_07620C_A'],[nan],[nan],1,0,0,3
137,['C1_07770W_A'],[nan],[nan],1,0,0,3
138,['C1_07870C_A'],['YGR229C'],['SPBC30D10.17c'],1,1,1,7
139,['C1_07890C_A'],['YGL234W'],['SPBC405.01'],1,1,1,7
140,['C1_08030W_A'],['YOR122C'],['SPAC4A8.15c'],1,1,1,7
141,['C1_08060W_A'],[nan],[nan],1,0,0,3
142,['C1_08100W_A'],['YAL036C'],['SPAC9.07c'],1,1,1,7
143,['C1_08190C_A'],['YMR280C'],[nan],1,1,0,6
144,['C1_08210C_A'],[nan],[nan],1,0,0,3
145,['C1_08220W_A'],['YAL021C'],['SPCC31H12.08c'],1,1,1,7
146,['C1_08290C_A'],['YLR129W'],['SPBC3D6.12'],1,1,1,7
147,['C1_08300W_A' 'C2_01130W_A'],['YIL038C' 'YPR072W'],['SPAC1B3.05'],1,1,1,7
148,['C1_08320W_A'],['YBR117C' 'YPR074C'],['SPBC2G5.05'],1,1,1,7
149,['C1_08330C_A'],['YBR145W' 'YMR083W' 'YMR303C' 'YOL086C'],['SPCC13B11.01'],1,1,1,7
150,['C1_08360C_A'],['YGL055W'],['SPCC1281.06c'],1,1,1,7
151,['C1_08500C_A'],['YGR254W' 'YHR174W' 'YMR323W' 'YOR393W' 'YPL281C'],['SPBC1815.01' 'SPBPB21E7.01c'],1,1,1,7
152,['C1_08590C_A'],['YGR175C'],['SPBC713.12'],1,1,1,7
153,['C1_08990C_A'],['YNL238W'],['SPAC22E12.09c'],1,1,1,7
154,['C1_09090C_A'],['YML099C'],[nan],1,1,0,6
155,['C1_09100W_A'],[nan],[nan],1,0,0,3
156,['C1_09120W_A'],['YDR072C' 'YKL004W'],['SPAC3H8.06'],1,1,1,7
157,['C1_09140C_A'],['YER118C'],[nan],1,1,0,6
158,['C1_09260C_A'],['YDL006W'],['SPCC4F11.02'],1,1,1,7
159,['C1_09270W_A'],[nan],[nan],1,0,0,3
160,['C1_09510W_A'],['YOR272W'],['SPAC890.04c'],1,1,1,7
161,['C1_09660W_A'],['YKL213C'],['SPBC887.04c'],1,1,1,7
162,['C1_09680W_A'],[nan],[nan],1,0,0,3
163,['C1_09920W_A'],['YDR080W'],['SPAP27G11.05c'],1,1,1,7
164,['C1_10000C_A'],['YIL113W' 'YNL053W'],['SPBC1685.01'],1,1,1,7
165,['C1_10020W_A'],[nan],[nan],1,0,0,3
166,['C1_10150W_A'],['YEL007W' 'YHR177W'],['SPAC1751.01c' 'SPAC31G5.11'],1,1,1,7
167,['C1_10210C_A'],['YNL278W' 'YNL298W' 'YOL113W'],['SPAC1F5.09c'],1,1,1,7
168,['C1_10220C_A'],[nan],[nan],1,0,0,3
169,['C1_10290W_A'],[nan],['SPAC1039.11c'],1,0,1,5
170,['C1_10380C_A'],['YNL161W'],['SPAC821.12'],1,1,1,7
171,['C1_10400C_A'],[nan],[nan],1,0,0,3
172,['C1_10550C_A'],[nan],[nan],1,0,0,3
173,['C1_10700C_A'],['YLR351C'],['SPAC26A3.11' 'SPCC965.09'],1,1,1,7
174,['C1_10710C_A'],['YOR378W'],['SPBC1683.03c'],1,1,1,7
175,['C1_10720C_A'],[nan],[nan],1,0,0,3
176,['C1_10760W_A'],['YCL008C'],['SPAC11H11.01'],1,1,1,7
177,['C1_10830W_A'],['YGR106C' 'YHR101C'],['SPCC306.06c'],1,1,1,7
178,['C1_10860C_A'],['YDR448W'],['SPCC24B10.08c'],1,1,1,7
179,['C1_10880W_A'],['YDR449C'],['SPBC244.02c'],1,1,1,7
180,['C1_11120C_A'],[nan],[nan],1,0,0,3
181,['C1_11130W_A'],['YGR075C'],['SPBC19C2.08'],1,1,1,7
182,['C1_11230W_A'],[nan],[nan],1,0,0,3
183,['C1_11240C_A'],['YER026C'],['SPCC1442.12'],1,1,1,7
184,['C1_11400C_A' 'C5_02840C_A'],['YCL024W' 'YDR507C' 'YKL101W'],['SPAC57A10.02' 'SPAC644.06c'],1,1,1,7
185,['C1_11520C_A'],[nan],[nan],1,0,0,3
186,['C1_11590W_A'],['YKR031C'],['SPAC2F7.16c'],1,1,1,7
187,['C1_12010C_A'],['YKL079W'],['SPAC1834.07'],1,1,1,7
188,['C1_12230W_A'],['YCR033W'],['SPAC22E12.19'],1,1,1,7
189,['C1_12290C_A'],[nan],[nan],1,0,0,3
190,['C1_12310C_A'],['YOL077C'],['SPBC800.06'],1,1,1,7
191,['C1_12360C_A'],['YDR487C'],['SPBC23E6.06c'],1,1,1,7
192,['C1_12450C_A'],['YOL081W'],[nan],1,1,0,6
193,['C1_12620W_A'],['YLL021W' 'YLR313C'],['SPAC3G9.05'],1,1,1,7
194,['C1_12650C_A'],['YGL087C'],['SPCC338.05c'],1,1,1,7
195,['C1_12960C_A'],['YNL271C'],['SPAC1F5.04c'],1,1,1,7
196,['C1_12970C_A'],['YNL272C'],['SPAC23C4.10'],1,1,1,7
197,['C1_13140C_A'],['YOR344C'],[nan],1,1,0,6
198,['C1_13310W_A'],['YJL201W'],[nan],1,1,0,6
199,['C1_13350W_A'],['YHR006W'],[nan],1,1,0,6
200,['C1_13420C_A'],['YGL173C'],['SPAC17A5.14'],1,1,1,7
201,['C1_13480W_A'],['YBL075C' 'YER103W' 'YLL024C'],['SPCC1739.13'],1,1,1,7
202,['C1_13540W_A'],['YGL084C' 'YPL189W'],['SPAC24H6.01c'],1,1,1,7
203,['C1_13620W_A'],[nan],[nan],1,0,0,3
204,['C1_13640W_A'],['YGL166W' 'YMR021C' 'YPR008W'],['SPAC31A2.11c' 'SPCC584.02'],1,1,1,7
205,['C1_13780W_A'],['YAL029C' 'YOR326W'],['SPBC2D10.14c' 'SPCC1919.10c'],1,1,1,7
206,['C1_13830C_A'],['YGR193C'],['SPCC1259.09c'],1,1,1,7
207,['C1_13860C_A'],['YGR256W' 'YHR183W'],['SPBC660.16'],1,1,1,7
208,['C1_13930W_A'],['YLR006C'],['SPBC887.10'],1,1,1,7
209,['C1_14040W_A'],['YJR005W'],['SPBC2G2.06c'],1,1,1,7
210,['C1_14140C_A'],['YJL105W' 'YKR029C'],['SPAC22E12.11c'],1,1,1,7
211,['C1_14190C_A'],['YFR003C'],['SPAC6B12.13'],1,1,1,7
212,['C1_14340C_A'],['YHL027W'],[nan],1,1,0,6
213,['C1_14430C_A'],[nan],[nan],1,0,0,3
214,['C1_14490C_A'],['YHR083W'],['SPAC589.04'],1,1,1,7
215,['C1_14570C_A'],[nan],[nan],1,0,0,3
216,['C2_00140W_A'],['YHR124W'],[nan],1,1,0,6
217,['C2_00430C_A'],['YDR121W'],['SPBC3D6.09'],1,1,1,7
218,['C2_00480C_A'],['YHL018W'],['SPAC27D7.04'],1,1,1,7
219,['C2_00520W_A'],['YMR238W'],['SPBC1198.06c' 'SPBC1198.07c'],1,1,1,7
220,['C2_00720C_A'],[nan],[nan],1,0,0,3
221,['C2_01110C_A'],['YIL033C'],['SPAC8C9.03'],1,1,1,7
222,['C2_01270W_A'],[nan],[nan],1,0,0,3
223,['C2_01400C_A'],['YHR154W'],['SPBC582.05c'],1,1,1,7
224,['C2_01410C_A'],['YGR108W' 'YPR119W'],['SPAPB2B4.03' 'SPBC582.03'],1,1,1,7
225,['C2_01430W_A'],['YDR441C' 'YML022W'],['SPAC23A1.03'],1,1,1,7
226,['C2_01470W_A'],['YDR443C'],['SPAC589.02c'],1,1,1,7
227,['C2_01480W_A'],['YML010W'],['SPAC23C4.19'],1,1,1,7
228,['C2_01780W_A'],['YGR014W'],[nan],1,1,0,6
229,['C2_01990C_A'],['YFR019W'],['SPBC3E7.01'],1,1,1,7
230,['C2_02200W_A'],['YMR243C' 'YOR316C'],['SPAC23C11.14'],1,1,1,7
231,['C2_02240C_A'],['YDL013W'],['SPAC19A8.10' 'SPAC343.18'],1,1,1,7
232,['C2_02320C_A'],['YML078W'],[nan],1,1,0,6
233,['C2_02380W_A'],['YML069W'],['SPBC609.05'],1,1,1,7
234,['C2_02600C_A'],[nan],[nan],1,0,0,3
235,['C2_02740C_A'],['YDR399W' 'YJR133W'],['SPAC23C11.13c'],1,1,1,7
236,['C2_03030W_A'],['YOR005C'],['SPCC1183.05c'],1,1,1,7
237,['C2_03040W_A'],[nan],[nan],1,0,0,3
238,['C2_03090C_A'],['YDR408C'],['SPCC569.08c'],1,1,1,7
239,['C2_03160C_A'],['YER070W' 'YIL066C'],['SPAC1F7.05'],1,1,1,7
240,['C2_03180C_A'],['YDR457W'],['SPAC19D5.04'],1,1,1,7
241,['C2_03220C_A'],['YLR375W'],[nan],1,1,0,6
242,['C2_03270W_A'],['YDL021W' 'YKL152C' 'YOL056W'],['SPAC26F1.06'],1,1,1,7
243,['C2_03310C_A'],['YMR077C'],['SPBC215.14c'],1,1,1,7
244,['C2_03320W_A'],['YIL147C'],['SPAC27E2.09'],1,1,1,7
245,['C2_03330C_A'],['YLR113W'],['SPAC24B11.06c'],1,1,1,7
246,['C2_03400C_A'],['YOR030W'],[nan],1,1,0,6
247,['C2_03600W_A'],[nan],[nan],1,0,0,3
248,['C2_03940C_A'],['YHR205W'],['SPAC1B9.02c' 'SPAC22E12.14c'],1,1,1,7
249,['C2_04040C_A'],[nan],[nan],1,0,0,3
250,['C2_04050C_A'],['YLR422W'],[nan],1,1,0,6
251,['C2_04060C_A'],['YDR160W'],[nan],1,1,0,6
252,['C2_04150C_A'],['YGR020C'],['SPBC3B9.18c'],1,1,1,7
253,['C2_04190C_A'],['YGR019W'],['SPAC19D5.07'],1,1,1,7
254,['C2_04220C_A'],['YPL129W'],['SPAC22H12.02'],1,1,1,7
255,['C2_04240C_A'],['YKL189W'],['SPAC1834.06c'],1,1,1,7
256,['C2_04250W_A'],['YLR417W'],['SPBC3B9.09'],1,1,1,7
257,['C2_04270W_A'],['YFL029C'],['SPAC1D4.06c'],1,1,1,7
258,['C2_04350C_A'],['YPL029W'],['SPAC637.11'],1,1,1,7
259,['C2_04550C_A'],[nan],[nan],1,0,0,3
260,['C2_04650C_A'],['YJL140W'],['SPBC337.14'],1,1,1,7
261,['C2_04660C_A'],['YJL141C'],['SPAC16C9.07' 'SPAC2F7.03c' 'SPAC823.03'],1,1,1,7
262,['C2_04720C_A'],[nan],[nan],1,0,0,3
263,['C2_04760W_A'],['YHR102W'],['SPBC17F3.02'],1,1,1,7
264,['C2_04930C_A'],['YPR161C'],['SPBC32H8.10'],1,1,1,7
265,['C2_05180W_A'],[nan],[nan],1,0,0,3
266,['C2_05280C_A'],['YDR437W'],['SPAC22A12.13'],1,1,1,7
267,['C2_05460W_A'],['YAL038W' 'YOR347C'],['SPAC4H3.10c'],1,1,1,7
268,['C2_05550W_A'],[nan],[nan],1,0,0,3
269,['C2_05560W_A'],[nan],[nan],1,0,0,3
270,['C2_05640W_A'],[nan],[nan],1,0,0,3
271,['C2_06100W_A'],['YJR143C'],['SPBC16C6.09'],1,1,1,7
272,['C2_06180C_A'],[nan],[nan],1,0,0,3
273,['C2_06390C_A'],['YHR216W' 'YLR432W' 'YML056C'],['SPBC2F12.14c'],1,1,1,7
274,['C2_06540C_A'],['YEL031W'],['SPACUNK4.07c'],1,1,1,7
275,['C2_06910W_A'],['YML001W'],['SPAPB1A10.10c' 'SPBC405.04c'],1,1,1,7
276,['C2_07090C_A'],[nan],[nan],1,0,0,3
277,['C2_07130C_A'],['YGL158W' 'YLR248W'],['SPAC23A1.06c' 'SPCC1322.08'],1,1,1,7
278,['C2_07170C_A'],['YPL202C'],[nan],1,1,0,6
279,['C2_07290W_A'],['YJR070C'],['SPAC30C2.02'],1,1,1,7
280,['C2_07380W_A'],['YEL030W' 'YJR045C'],['SPAC664.11'],1,1,1,7
281,['C2_07630C_A'],['YHR087W'],['SPBC21C3.19'],1,1,1,7
282,['C2_07730W_A'],['YOR087W'],[nan],1,1,0,6
283,['C2_07930C_A'],['YLR337C'],['SPBC13E7.09'],1,1,1,7
284,['C2_08210C_A'],[nan],[nan],1,0,0,3
285,['C2_08470C_A'],['YDR082W'],['SPBC409.12c'],1,1,1,7
286,['C2_08600W_A'],['YML121W'],['SPBC337.13c'],1,1,1,7
287,['C2_08730W_A'],['YDL233W'],['SPBC30B4.03c'],1,1,1,7
288,['C2_08810C_A'],['YBR011C'],['SPAC23C11.05'],1,1,1,7
289,['C2_08880W_A'],[nan],[nan],1,0,0,3
290,['C2_08940C_A'],['YPL065W'],['SPAC1B3.07c'],1,1,1,7
291,['C2_08980C_A'],[nan],[nan],1,0,0,3
292,['C2_09080C_A'],[nan],[nan],1,0,0,3
293,['C2_09220W_A'],['YMR173W'],['SPAC23H3.15c'],1,1,1,7
294,['C2_09320C_A'],['YGR103W'],['SPBC19F5.05c'],1,1,1,7
295,['C2_09370C_A'],['YPR141C'],['SPAC3A11.14c' 'SPAC664.10'],1,1,1,7
296,['C2_09530W_A'],[nan],[nan],1,0,0,3
297,['C2_09600C_A'],['YCR090C'],['SPBC2D10.03c'],1,1,1,7
298,['C2_09770C_A'],['YIL002C'],['SPBC577.13'],1,1,1,7
299,['C2_09940W_A'],['YEL009C'],[nan],1,1,0,6
300,['C2_10030C_A'],['YMR305C'],[nan],1,1,0,6
301,['C2_10080W_A'],['YNL216W'],['SPBC1778.02'],1,1,1,7
302,['C2_10210C_A'],['YNL098C' 'YOR101W'],['SPAC17H9.09c'],1,1,1,7
303,['C2_10220C_A'],['YHR090C' 'YOR064C'],['SPBC1709.11c'],1,1,1,7
304,['C2_10420W_A'],[nan],[nan],1,0,0,3
305,['C2_10430C_A'],[nan],[nan],1,0,0,3
306,['C2_10570W_A'],['YMR190C'],['SPAC2G11.12'],1,1,1,7
307,['C2_10660W_A'],['YKL185W'],[nan],1,1,0,6
308,['C2_10840W_A'],['YBR073W'],['SPAC22F3.03c'],1,1,1,7
309,['C3_00260C_A'],['YBL098W'],[nan],1,1,0,6
310,['C3_00320W_A'],['YIL053W'],[nan],1,1,0,6
311,['C3_00570C_A'],['YLL010C' 'YLR019W'],['SPAC2F7.02c' 'SPBC1271.03c'],1,1,1,7
312,['C3_00580W_A'],[nan],[nan],1,0,0,3
313,['C3_00650W_A'],[nan],['SPAC922.05c'],1,0,1,5
314,['C3_00670C_A'],['YIL131C' 'YNL068C'],['SPBC16G5.15c'],1,1,1,7
315,['C3_00720W_A'],['YGL008C'],['SPAC1071.10c'],1,1,1,7
316,['C3_00780W_A'],['YGL194C'],['SPAC3G9.07c'],1,1,1,7
317,['C3_00800W_A'],['YMR036C'],['SPAC24H6.05'],1,1,1,7
318,['C3_01260C_A'],[nan],[nan],1,0,0,3
319,['C3_01330W_A'],[nan],[nan],1,0,0,3
320,['C3_01350C_A'],['YEL021W'],['SPCC330.05c'],1,1,1,7
321,['C3_01360C_A'],[nan],[nan],1,0,0,3
322,['C3_01530C_A'],['YIL129C'],['SPBP19A11.04c'],1,1,1,7
323,['C3_01580W_A'],[nan],[nan],1,0,0,3
324,['C3_01700W_A'],['YDL132W'],['SPAC17G6.12'],1,1,1,7
325,['C3_01810C_A' 'C3_01830C_A'],['YBR199W' 'YBR205W' 'YDR483W' 'YJL139C' 'YKR061W' 'YOR099W' 'YPL053C'],['SPBC16H5.09c' 'SPBC19C7.12c' 'SPCC777.07'],1,1,1,7
326,['C3_01830C_A'],['YBR205W' 'YDR483W' 'YJL139C' 'YKR061W' 'YOR099W' 'YPL053C'],['SPBC19C7.12c' 'SPCC777.07'],1,1,1,7
327,['C3_02290W_A'],['YDL001W' 'YDR282C' 'YFR048W'],['SPAC12G12.15' 'SPCC16C4.01'],1,1,1,7
328,['C3_02300W_A'],[nan],[nan],1,0,0,3
329,['C3_02370C_A'],['YFL050C' 'YOL130W'],['SPBC27B12.12c'],1,1,1,7
330,['C3_02610C_A'],['YDR533C' 'YMR322C' 'YOR391C' 'YPL280W'],['SPAC11D3.13' 'SPAC1F7.06' 'SPAC5H10.02c' 'SPBC947.09' 'SPCC757.03c'],1,1,1,7
331,['C3_02640C_A'],[nan],[nan],1,0,0,3
332,['C3_02760C_A'],[nan],[nan],1,0,0,3
333,['C3_02960C_A'],['YOR336W'],['SPBPJ4664.06'],1,1,1,7
334,['C3_03250W_A'],[nan],[nan],1,0,0,3
335,['C3_03360W_A'],[nan],[nan],1,0,0,3
336,['C3_03660W_A'],['YJL083W' 'YKR019C'],['SPAC1687.09'],1,1,1,7
337,['C3_03710W_A'],['YLR220W'],['SPBC1683.10c'],1,1,1,7
338,['C3_03810W_A'],['YPL153C'],['SPCC18B5.11c'],1,1,1,7
339,['C3_03870C_A'],['YDR144C' 'YDR349C' 'YIR039C' 'YLR120C' 'YLR121C'],['SPAC26A3.01' 'SPCC1795.09'],1,1,1,7
340,['C3_03880C_A'],['YJL053W'],['SPAC4G9.13c'],1,1,1,7
341,['C3_03890W_A'],['YLR310C'],['SPBC336.03' 'SPCC1442.01'],1,1,1,7
342,['C3_04000C_A'],['YER024W'],[nan],1,1,0,6
343,['C3_04060C_A'],['YDR044W'],['SPAC222.11'],1,1,1,7
344,['C3_04320W_A'],['YOR106W'],[nan],1,1,0,6
345,['C3_04400C_A'],['YJR042W'],['SPBC17G9.04c'],1,1,1,7
346,['C3_04480C_A'],[nan],[nan],1,0,0,3
347,['C3_04640W_A'],[nan],[nan],1,0,0,3
348,['C3_04930C_A'],['YDL194W'],[nan],1,1,0,6
349,['C3_04950W_A'],['YDL137W' 'YDL192W'],['SPBC4F6.18c'],1,1,1,7
350,['C3_04990W_A'],['YDL189W'],[nan],1,1,0,6
351,['C3_05000W_A'],['YDL135C'],['SPAC6F12.06'],1,1,1,7
352,['C3_05050W_A'],[nan],[nan],1,0,0,3
353,['C3_05110W_A'],['YOL073C'],['SPAC1486.02c'],1,1,1,7
354,['C3_05170W_A'],[nan],[nan],1,0,0,3
355,['C3_05180W_A'],['YCR027C'],['SPBC428.16c'],1,1,1,7
356,['C3_05210C_A'],['YKR054C'],['SPAC1093.06c'],1,1,1,7
357,['C3_05220W_A' 'C6_03840C_A'],"['YCR011C' 'YDR011W' 'YDR406W' 'YIL013C' 'YNR070W' 'YOR011W' 'YOR153W'
 'YOR328W' 'YPL058C']",['SPAPB24D3.09c' 'SPCC18B5.01c'],1,1,1,7
358,['C3_05470W_A'],['YLR098C' 'YOR337W'],['SPBC1683.13c' 'SPCC757.04' 'SPCC777.02'],1,1,1,7
359,['C3_05570W_A'],[nan],[nan],1,0,0,3
360,['C3_05780C_A'],['YNL027W'],['SPAC4G8.13c'],1,1,1,7
361,['C3_05910W_A'],[nan],[nan],1,0,0,3
362,['C3_05930W_A'],['YAL051W'],[nan],1,1,0,6
363,['C3_06000W_A'],[nan],[nan],1,0,0,3
364,['C3_06020W_A'],['YPL050C'],['SPAC4F10.10c'],1,1,1,7
365,['C3_06070C_A'],['YJL128C'],['SPBC409.07c'],1,1,1,7
366,['C3_06090C_A'],['YGL038C' 'YJR075W'],['SPAC1006.05c'],1,1,1,7
367,['C3_06120C_A'],['YEL042W'],['SPAC824.08'],1,1,1,7
368,['C3_06180C_A'],['YDR453C' 'YML028W'],['SPCC576.03c'],1,1,1,7
369,['C3_06190C_A'],[nan],[nan],1,0,0,3
370,['C3_06310C_A'],['YOR304W'],[nan],1,1,0,6
371,['C3_06320W_A'],[nan],[nan],1,0,0,3
372,['C3_06360C_A'],['YDR304C' 'YHR057C'],['SPBP8B7.25'],1,1,1,7
373,['C3_06470W_A'],[nan],[nan],1,0,0,3
374,['C3_06520C_A'],['YGL247W' 'YHR036W'],['SPAC8F11.06'],1,1,1,7
375,['C3_06700C_A'],['YBR238C'],[nan],1,1,0,6
376,['C3_06790W_A'],[nan],[nan],1,0,0,3
377,['C3_06850W_A'],[nan],[nan],1,0,0,3
378,['C3_06870W_A'],['YGR192C' 'YJL052W' 'YJR009C'],['SPBC32F12.11' 'SPBC354.12'],1,1,1,7
379,['C3_06890W_A' 'C4_04780W_A'],['YAL023C' 'YGR199W' 'YOR321W'],['SPAPB1E7.09'],1,1,1,7
380,['C3_06920W_A'],['YKL128C'],['SPAC513.02' 'SPAC5H10.03'],1,1,1,7
381,['C3_07020W_A'],['YBR112C'],['SPBC23E6.09'],1,1,1,7
382,['C3_07200C_A'],[nan],[nan],1,0,0,3
383,['C3_07260C_A'],['YHL030W'],['SPAC1782.01'],1,1,1,7
384,['C3_07270C_A'],['YLL039C'],['SPBC337.08c'],1,1,1,7
385,['C3_07320W_A'],['YGL197W'],['SPBC21.05c'],1,1,1,7
386,['C3_07340W_A'],['YDR368W' 'YOR120W'],['SPAC26F1.07' 'SPBC8E4.04'],1,1,1,7
387,['C3_07440W_A'],['YDR050C'],['SPCC24B10.21'],1,1,1,7
388,['C3_07560W_A'],[nan],[nan],1,0,0,3
389,['C3_07680W_A'],['YJR140C'],['SPBC31F10.14c'],1,1,1,7
390,['C3_07730W_A'],[nan],[nan],1,0,0,3
391,['C3_07790W_A'],['YDR277C'],[nan],1,1,0,6
392,['C3_07860C_A'],[nan],[nan],1,0,0,3
393,['C4_00120W_A'],[nan],[nan],1,0,0,3
394,['C4_00130W_A'],[nan],[nan],1,0,0,3
395,['C4_00140C_A'],['YCL030C'],['SPBC1711.13' 'SPBC29A3.02c'],1,1,1,7
396,['C4_00300C_A'],['YPL016W'],['SPBC30B4.04c'],1,1,1,7
397,['C4_00350W_A'],['YDR323C'],['SPAC17G6.08'],1,1,1,7
398,['C4_00430W_A'],['YNL142W'],['SPCPB1C11.01'],1,1,1,7
399,['C4_00450C_A'],[nan],[nan],1,0,0,3
400,['C4_00670W_A'],['YJL093C'],[nan],1,1,0,6
401,['C4_00960W_A'],[nan],[nan],1,0,0,3
402,['C4_01190W_A'],['YMR070W'],[nan],1,1,0,6
403,['C4_01380W_A'],[nan],[nan],1,0,0,3
404,['C4_01400W_A'],[nan],[nan],1,0,0,3
405,['C4_01410W_A'],['YBR200W'],['SPAC22H10.07'],1,1,1,7
406,['C4_01890C_A'],['YBR164C'],[nan],1,1,0,6
407,['C4_01900C_A'],['YKL085W'],['SPCC306.08c'],1,1,1,7
408,['C4_02010C_A'],[nan],[nan],1,0,0,3
409,['C4_02020W_A'],['YML042W'],[nan],1,1,0,6
410,['C4_02030W_A'],[nan],[nan],1,0,0,3
411,['C4_02060C_A'],['YGR186W'],['SPCC1620.09c'],1,1,1,7
412,['C4_02250C_A'],['YGR282C'],['SPAC26H5.08c'],1,1,1,7
413,['C4_02320C_A'],['YJR104C'],['SPAC821.10c'],1,1,1,7
414,['C4_02370C_A'],[nan],[nan],1,0,0,3
415,['C4_02420C_A'],['YBR265W' 'YDR302W'],['SPCC1450.15'],1,1,1,7
416,['C1_13880C_A' 'C4_02500C_A'],['YDR216W' 'YML081W'],['SPAC6F12.02'],1,1,1,7
417,['C4_02530W_A'],[nan],[nan],1,0,0,3
418,['C4_02540W_A'],['YBR033W' 'YKL038W'],['SPCC320.03'],1,1,1,7
419,['C4_02840C_A'],['YHR041C'],['SPAC17G8.05'],1,1,1,7
420,['C4_02970C_A'],['YGR184C' 'YLR024C'],['SPAC15A10.11' 'SPBC19C7.02'],1,1,1,7
421,['C4_03390W_A'],['YDL212W'],['SPBC409.20c'],1,1,1,7
422,['C4_03470C_A'],[nan],[nan],1,0,0,3
423,['C4_03510C_A'],[nan],[nan],1,0,0,3
424,['C4_03570W_A'],[nan],[nan],1,0,0,3
425,['C4_03780C_A'],['YDR316W'],['SPBC3B9.04'],1,1,1,7
426,['C4_03910W_A'],[nan],[nan],1,0,0,3
427,['C4_04000W_A'],['YIR017C' 'YNL103W'],['SPAC25G10.03'],1,1,1,7
428,['C4_04210C_A'],['YGL127C'],['SPCP31B10.03c'],1,1,1,7
429,['C4_04370C_A'],['YNL054W'],['SPBP8B7.13'],1,1,1,7
430,['C4_04420W_A'],[nan],[nan],1,0,0,3
431,['C4_04530C_A'],[nan],[nan],1,0,0,3
432,['C4_04640C_A'],[nan],[nan],1,0,0,3
433,['C4_04730W_A'],['YKR099W'],[nan],1,1,0,6
434,['C4_04850C_A'],['YJL056C'],[nan],1,1,0,6
435,['C4_04880W_A'],[nan],['SPAC823.09c'],1,0,1,5
436,['C4_05100C_A'],['YKL129C' 'YMR109W'],['SPBC146.13c'],1,1,1,7
437,['C4_05150W_A'],['YEL013W'],['SPBC354.14c'],1,1,1,7
438,['C4_05190C_A'],['YEL015W'],['SPBC18E5.11c'],1,1,1,7
439,['C4_05420C_A'],[nan],[nan],1,0,0,3
440,['C4_05530W_A'],[nan],[nan],1,0,0,3
441,['C4_05680W_A'],['YFR034C'],[nan],1,1,0,6
442,['C4_05910C_A'],['YMR231W'],['SPAC16A10.03c' 'SPAC823.12'],1,1,1,7
443,['C4_06100W_A'],['YGL027C'],['SPAC6G10.09'],1,1,1,7
444,['C4_06250C_A'],['YER008C'],['SPAC17G8.12'],1,1,1,7
445,['C4_06570C_A'],['YDL080C' 'YGR087C' 'YLR044C' 'YLR134W'],['SPAC13A11.06' 'SPAC3G9.11c'],1,1,1,7
446,['C4_06600W_A'],['YNL088W'],['SPBC1A4.03c'],1,1,1,7
447,['C4_06820C_A'],[nan],[nan],1,0,0,3
448,['C4_06920C_A'],[nan],[nan],1,0,0,3
449,['C4_07220C_A'],['YDR180W'],['SPAC31A2.05c'],1,1,1,7
450,['C5_00200C_A'],['YDL070W' 'YLR399C'],['SPAC631.02' 'SPCC1450.02'],1,1,1,7
451,['C5_00210C_A'],['YDL074C'],['SPCC1919.15' 'SPCC970.10c'],1,1,1,7
452,['C5_00220W_A'],['YBR229C'],['SPAC1002.03c'],1,1,1,7
453,['C5_00240W_A'],['YGL073W' 'YHR206W' 'YOR140W'],['SPAC2E12.02' 'SPAC8C9.14'],1,1,1,7
454,['C5_00570W_A'],['YDR093W' 'YER166W'],['SPAC24B11.12c' 'SPAC4F10.16c'],1,1,1,7
455,['C5_00670C_A'],[nan],[nan],1,0,0,3
456,['C5_00940C_A'],['YOR358W'],['SPBC3B8.02'],1,1,1,7
457,['C5_00980W_A'],[nan],['SPAC6B12.07c'],1,0,1,5
458,['C5_01100C_A'],['YAL040C'],[nan],1,1,0,6
459,['C5_01210W_A'],['YKR001C'],['SPAC767.01c'],1,1,1,7
460,['C5_01230C_A'],['YMR099C'],[nan],1,1,0,6
461,['C5_01340W_A'],['YDR191W' 'YOR025W'],['SPAC1783.04c'],1,1,1,7
462,['C5_01620C_A'],['YPL002C'],['SPBC651.05c'],1,1,1,7
463,['C5_01680C_A'],[nan],[nan],1,0,0,3
464,['C5_01745W_B'],[nan],[nan],1,0,0,3
465,['C5_01760C_A' 'C5_01765C_B'],['YNL267W'],['SPAC22E12.16c'],1,1,1,7
466,['C5_01770C_A'],['YHR001W' 'YKR003W' 'YOR237W' 'YPL145C'],['SPBC1271.12' 'SPBC354.07c' 'SPBC646.08c' 'SPCC23B6.01c'],1,1,1,7
467,['C5_01775C_B'],[nan],[nan],1,0,0,3
468,['C5_01780W_A'],['YKR002W'],['SPBC646.04'],1,1,1,7
469,['C5_01810W_A'],['YHL009C'],[nan],1,1,0,6
470,['C5_01840C_A'],['YOL089C'],[nan],1,1,0,6
471,['C5_01850C_A'],[nan],[nan],1,0,0,3
472,['C5_01970C_A'],['YAL041W'],['SPAC16E8.09'],1,1,1,7
473,['C5_02120C_A'],['YLL034C'],['SPBC16E9.10c'],1,1,1,7
474,['C5_02180C_A'],['YLR451W'],[nan],1,1,0,6
475,['C5_02270W_A'],['YCR053W'],['SPAC9E9.06c'],1,1,1,7
476,['C5_02290W_A'],['YGL248W'],['SPCC285.09c'],1,1,1,7
477,['C5_02470W_A'],['YJR092W'],['SPAPYUG7.03c' 'SPCC4B3.15'],1,1,1,7
478,['C5_02710W_A'],['YDR353W' 'YHR106W'],['SPBC3F6.03'],1,1,1,7
479,['C5_02720W_A'],['YOR036W'],['SPBC31E1.04'],1,1,1,7
480,['C5_02790C_A'],"['YBR068C' 'YBR069C' 'YCL025C' 'YDR046C' 'YDR508C' 'YGR191W' 'YKR039W'
 'YNL268W' 'YNL270C' 'YOL020W']",['SPAC869.11' 'SPAP7G5.06'],1,1,1,7
481,['C5_02840C_A'],['YDR507C' 'YKL101W'],['SPAC644.06c'],1,1,1,7
482,['C5_02890W_A'],['YKL067W'],['SPAC806.07'],1,1,1,7
483,['C5_03090W_A'],['YPR173C'],['SPAC2G11.06'],1,1,1,7
484,['C5_03320C_A'],[nan],[nan],1,0,0,3
485,['C5_03480C_A'],[nan],[nan],1,0,0,3
486,['C5_03680W_A'],[nan],[nan],1,0,0,3
487,['C5_03790W_A'],['YDR454C'],['SPBC1198.05'],1,1,1,7
488,['C5_04020C_A'],[nan],[nan],1,0,0,3
489,['C5_04100W_A'],['YBR029C'],['SPBC13A2.03'],1,1,1,7
490,['C5_04130C_A'],[nan],[nan],1,0,0,3
491,['C5_04250W_A'],[nan],[nan],1,0,0,3
492,['C5_04270C_A'],['YER043C'],['SPBC8D2.18c'],1,1,1,7
493,['C5_04280C_A'],['YER040W'],[nan],1,1,0,6
494,['C5_04300C_A'],['YFR044C'],['SPBC1198.08'],1,1,1,7
495,['C5_04490C_A'],['YPL111W'],['SPAC3H1.07' 'SPBP26C9.02c'],1,1,1,7
496,['C5_04830W_A'],['YGR249W'],[nan],1,1,0,6
497,['C5_04970C_A'],['YLR014C'],[nan],1,1,0,6
498,['C5_05030C_A'],['YMR154C'],[nan],1,1,0,6
499,['C5_05050W_A'],[nan],[nan],1,0,0,3
500,['C5_05080W_A'],['YDL106C'],[nan],1,1,0,6
501,['C5_05190W_A'],['YHR071W'],['SPAC19E9.03'],1,1,1,7
502,['C5_05290C_A'],['YPR166C'],['SPAC23H3.07c'],1,1,1,7
503,['C5_05400W_A'],['YPL259C'],['SPBP16F5.07'],1,1,1,7
504,['C6_00010W_A'],[nan],[nan],1,0,0,3
505,['C6_00070C_A'],[nan],[nan],1,0,0,3
506,['C6_00130C_A'],['YNL212W'],['SPBC1685.14c'],1,1,1,7
507,['C6_00280W_A'],['YOR032C'],[nan],1,1,0,6
508,['C6_00370C_A'],['YOR310C'],['SPAC23G3.06'],1,1,1,7
509,['C6_00510C_A'],['YML032C'],['SPAC30D11.10' 'SPBC119.14'],1,1,1,7
510,['C6_00670W_A'],['YFR028C'],['SPAC1782.09c'],1,1,1,7
511,['C6_00750C_A'],['YCR012W'],['SPBC14F5.04c'],1,1,1,7
512,['C1_13940W_A' 'C6_00820W_A'],['YIL123W' 'YJL116C' 'YKR042W' 'YNL066W'],['SPAC1002.13c' 'SPBC2G2.17c'],1,1,1,7
513,['C6_00990W_A'],['YFR012W' 'YMR063W' 'YOL019W'],['SPAC13G7.04c' 'SPCC1739.10'],1,1,1,7
514,['C6_01070C_A'],[nan],[nan],1,0,0,3
515,['C6_01220C_A'],['YBR103W'],['SPCC1235.09'],1,1,1,7
516,['C6_01290C_A'],['YBR043C'],[nan],1,1,0,6
517,['C6_01500C_A'],['YGR067C'],[nan],1,1,0,6
518,['C6_01570C_A'],[nan],[nan],1,0,0,3
519,['C6_01720C_A'],['YML052W'],[nan],1,1,0,6
520,['C6_01730W_A'],[nan],[nan],1,0,0,3
521,['C6_01790C_A'],[nan],[nan],1,0,0,3
522,['C6_01830W_A'],['YDR486C'],['SPCC162.06c'],1,1,1,7
523,['C6_01900C_A'],['YHR043C'],[nan],1,1,0,6
524,['C6_02340W_A'],['YPL204W'],['SPAC23C4.12' 'SPBC3H7.15'],1,1,1,7
525,['C6_02710C_A'],[nan],[nan],1,0,0,3
526,['C6_02840C_A'],[nan],[nan],1,0,0,3
527,['C6_02850W_A'],['YDR202C'],['SPBC3H7.12'],1,1,1,7
528,['C6_02860W_A'],['YLR389C'],['SPACUNK4.12c'],1,1,1,7
529,['C6_03030W_A'],[nan],[nan],1,0,0,3
530,['C6_03080C_A'],['YJR105W'],['SPCC338.14'],1,1,1,7
531,['C6_03100W_A'],['YBR130C'],[nan],1,1,0,6
532,['C6_03180C_A'],['YJL084C' 'YKR021W'],['SPBC2D10.04' 'SPBC839.02'],1,1,1,7
533,['C6_03240W_A'],['YDR541C' 'YGL039W' 'YGL157W'],['SPBC1773.04'],1,1,1,7
534,['C6_03610W_A'],[nan],[nan],1,0,0,3
535,['C6_03650C_A'],['YNR052C'],['SPCC18.06c'],1,1,1,7
536,['C6_03690W_A'],[nan],[nan],1,0,0,3
537,['C6_03700W_A'],[nan],[nan],1,0,0,3
538,['C6_03840C_A'],"['YDR011W' 'YDR406W' 'YIL013C' 'YNR070W' 'YOR011W' 'YOR153W' 'YOR328W'
 'YPL058C']",['SPCC18B5.01c'],1,1,1,7
539,['C6_04130C_A'],[nan],[nan],1,0,0,3
540,['C6_04220C_A'],['YFL030W'],[nan],1,1,0,6
541,['C6_04270W_A'],['YCR093W'],['SPAC20G8.06'],1,1,1,7
542,['C6_04280W_A'],['YDR177W'],['SPBC2D10.20'],1,1,1,7
543,['C6_04380W_A'],[nan],[nan],1,0,0,3
544,['C6_04580W_A'],['YFR053C' 'YGL253W'],['SPAC24H6.04'],1,1,1,7
545,['C6_04590C_A'],[nan],[nan],1,0,0,3
546,['C6_04600W_A'],[nan],[nan],1,0,0,3
547,['C7_00020C_A'],['YCR009C'],['SPBC725.09c'],1,1,1,7
548,['C7_00090C_A'],[nan],[nan],1,0,0,3
549,['C7_00280W_A'],[nan],[nan],1,0,0,3
550,['C7_00320C_A'],['YGL167C'],['SPBC31E1.02c'],1,1,1,7
551,['C7_00360W_A'],[nan],[nan],1,0,0,3
552,['C7_00400W_A'],['YCL018W'],['SPBC1A4.02c'],1,1,1,7
553,['C7_00480W_A'],[nan],[nan],1,0,0,3
554,['C7_00490C_A'],['YBR261C'],['SPAC16E8.14c'],1,1,1,7
555,['C7_00890C_A'],['YMR042W' 'YMR043W'],['SPAC11E3.06' 'SPBC19G7.06'],1,1,1,7
556,['C7_01330C_A'],['YDR283C'],['SPBC36B7.09'],1,1,1,7
557,['C7_01620C_A'],['YJR054W'],[nan],1,1,0,6
558,['C7_02030W_A'],['YMR186W' 'YPL240C'],['SPAC926.04c'],1,1,1,7
559,['C7_02040C_A'],['YGL096W'],[nan],1,1,0,6
560,['C7_02110W_A'],['YMR075W'],['SPAC16C9.05' 'SPAC2F7.07c'],1,1,1,7
561,['C7_02380C_A'],['YDR155C'],['SPBC28F2.03'],1,1,1,7
562,['C7_02420C_A'],[nan],[nan],1,0,0,3
563,['C7_02570C_A'],['YNL135C'],['SPBC839.17c'],1,1,1,7
564,['C7_02750W_A'],[nan],[nan],1,0,0,3
565,['C7_02800W_A'],[nan],[nan],1,0,0,3
566,['C7_02830C_A'],[nan],[nan],1,0,0,3
567,['C7_02840C_A'],['YMR015C'],['SPAC19A8.04'],1,1,1,7
568,['C7_02890C_A'],['YDL093W' 'YDL095W'],['SPAC22A12.07c'],1,1,1,7
569,['C7_03070C_A'],['YJL005W'],['SPBC19C7.03'],1,1,1,7
570,['C7_03080W_A'],['YLL007C'],[nan],1,1,0,6
571,['C7_03220C_A'],[nan],[nan],1,0,0,3
572,['C7_03480W_A'],['YBL060W'],['SPAC11E3.11c'],1,1,1,7
573,['C7_03520W_A'],['YGL037C'],['SPBC365.20c'],1,1,1,7
574,['C7_03700C_A'],['YBR247C'],['SPBC13G1.09'],1,1,1,7
575,['C7_03710C_A'],['YPL268W'],['SPAC22F8.11'],1,1,1,7
576,['C7_03810W_A'],['YNL243W'],['SPAC688.11'],1,1,1,7
577,['C7_03870W_A'],['YGL058W'],['SPAC18B11.07c'],1,1,1,7
578,['C7_03940C_A'],['YDL155W' 'YLR210W'],['SPBC16E9.17c' 'SPCC4E9.02'],1,1,1,7
579,['C7_04300W_A'],['YGR116W'],['SPAC1F7.01c'],1,1,1,7
580,[nan],[nan],['SPAC186.01'],0,0,1,1
581,['C1_13470W_A'],['YLL019C'],['SPAC1D4.11c'],1,1,1,7
582,[nan],[nan],['SPAC1F8.06'],0,0,1,1
583,['C2_04260W_A'],['YPL042C'],['SPAC23H4.17c'],1,1,1,7
584,['C1_13570W_A' 'C3_00730W_A'],['YGL014W' 'YGL178W'],['SPAC4G8.03c'],1,1,1,7
585,[nan],[nan],['SPAC4H3.03c'],0,0,1,1
586,['C4_05090C_A'],['YCR081W'],['SPAC688.08'],1,1,1,7
587,[nan],[nan],['SPAC977.07c'],0,0,1,1
588,[nan],[nan],['SPAP11E10.02c'],0,0,1,1
589,[nan],[nan],['SPAPB15E9.01c'],0,0,1,1
590,[nan],[nan],['SPAPB2C8.01'],0,0,1,1
591,[nan],[nan],['SPBC1289.15'],0,0,1,1
592,[nan],[nan],['SPBC1348.08c'],0,0,1,1
593,[nan],[nan],['SPBC15D4.02'],0,0,1,1
594,['C7_00970C_A'],['YDR451C' 'YML027W'],['SPBC21B10.13c'],1,1,1,7
595,[nan],[nan],['SPBC21D10.06c'],0,0,1,1
596,['C1_02360C_A'],['YLR343W'],['SPBC29A10.08'],1,1,1,7
597,[nan],[nan],['SPBC354.05c'],0,0,1,1
598,[nan],[nan],['SPBC359.04c'],0,0,1,1
599,[nan],[nan],['SPBC646.06c'],0,0,1,1
600,[nan],[nan],['SPBC947.04'],0,0,1,1
601,[nan],[nan],['SPBPJ4664.02'],0,0,1,1
602,[nan],[nan],['SPCC1223.13'],0,0,1,1
603,['C5_00180W_A'],['YLR410W'],['SPCC1672.06c'],1,1,1,7
604,[nan],[nan],['SPCC1742.01'],0,0,1,1
605,[nan],[nan],['SPCC188.09c'],0,0,1,1
606,[nan],[nan],['SPCC736.08'],0,0,1,1
