"","chromosome","position","X968_allele","Y0036_allele","X968","Y0036","R1_1","R1_2","R1_3","R1_4","R1_5","R1_6","R1_7","R1_8","R1_10","R1_11","R1_12","R1_13","R1_16","R1_15","R1_17","R1_18","R1_19","R1_20","R1_21","R1_22","R1_23","R1_24","R1_14","R1_25","R1_26","R1_27","R1_28","R1_29","R1_30","R1_31","R1_32","R1_33","R1_35","R1_36","R1_37","R1_38","R1_39","R1_40","R1_41","R1_42","R1_43","R1_46","R1_47","R1_9"
"2179","chromosome_2",2334988,"CT","C",0,1,NA,0,0,1,1,0,1,0,1,0,1,0,0,0,NA,NA,0,0,NA,0,0,1,0,0,0,0,0,0,0,0,0,0,0,0,0,0,0,NA,0,0,0,0,0,0
"2180","chromosome_2",2358836,"A","AT",0,1,NA,0,0,1,1,0,1,0,1,0,1,0,0,0,NA,NA,0,0,NA,0,0,1,0,0,0,0,0,0,0,0,0,0,0,0,0,0,0,NA,0,0,0,0,0,0
"2181","chromosome_2",2359346,"G","GT",0,1,NA,0,0,1,1,0,1,0,1,0,1,0,0,0,NA,NA,0,0,NA,0,0,1,0,0,0,0,0,0,0,0,0,0,0,0,0,0,0,NA,0,0,0,0,0,0
"2182","chromosome_2",2363654,"A","T",0,1,NA,0,0,1,1,0,1,0,1,0,1,0,0,0,NA,NA,0,0,NA,0,0,1,0,0,0,0,0,0,0,0,0,0,0,0,0,0,0,NA,0,0,0,0,0,0
"2252","chromosome_2",2516209,"T","C",0,1,1,0,0,1,1,0,1,0,1,0,1,0,0,0,0,0,0,0,1,0,0,NA,0,0,0,0,0,0,0,0,0,0,0,0,0,0,1,0,0,0,0,0,0,0
"2253","chromosome_2",2519198,"A","T",0,1,1,0,0,1,1,0,1,0,1,0,1,0,0,0,0,0,0,0,1,0,0,NA,0,0,0,0,0,0,0,0,0,0,0,0,0,0,1,0,0,0,0,0,0,0
"2254","chromosome_2",2524266,"C","T",0,1,1,0,0,1,1,0,1,0,1,0,1,0,0,0,0,0,0,0,1,0,0,NA,0,0,0,0,0,0,0,0,0,0,0,0,0,0,1,0,0,0,0,0,0,0
"2255","chromosome_2",2527314,"G","A",0,1,1,0,0,1,1,0,1,0,1,0,1,0,NA,0,0,0,0,0,1,0,0,NA,0,0,0,NA,0,NA,0,0,0,0,0,NA,0,0,1,0,0,0,0,0,0,0
"2256","chromosome_2",2527344,"A","G",0,1,1,0,0,1,1,0,1,0,1,0,1,0,NA,0,0,0,0,0,1,0,0,NA,0,0,0,NA,0,NA,0,0,0,0,0,NA,0,0,1,0,0,0,0,0,0,0
"2257","chromosome_2",2528629,"T","A",0,1,1,0,0,1,1,0,1,0,1,0,1,0,NA,0,0,0,0,0,1,0,0,0,0,0,0,NA,0,NA,0,0,0,0,0,NA,0,0,1,0,0,0,0,0,0,0
"2258","chromosome_2",2536217,"A","G",0,1,1,0,0,1,1,0,1,0,1,0,1,0,NA,0,0,0,0,0,1,0,0,0,0,0,0,NA,0,NA,0,0,0,0,0,NA,0,0,1,0,0,0,0,0,0,0
"2259","chromosome_2",2549699,"T","A",0,1,1,0,0,1,1,0,1,0,1,0,1,0,1,0,0,0,0,0,1,0,0,0,0,0,0,1,0,1,0,0,0,0,0,1,0,0,1,0,0,0,0,0,0,0
"2260","chromosome_2",2549939,"T","G",0,1,1,0,0,1,1,0,1,0,1,0,1,0,1,0,0,0,0,0,1,0,0,0,0,0,0,1,0,1,0,0,0,0,0,1,0,0,1,0,0,0,0,0,0,0
"2261","chromosome_2",2552492,"G","C",0,1,1,0,0,1,1,0,1,0,1,0,1,0,1,0,0,0,0,0,1,0,0,0,0,0,0,1,0,1,0,0,0,0,0,1,0,0,1,0,0,0,0,0,0,0
"2262","chromosome_2",2552671,"TAG","T",0,1,1,0,0,1,1,0,1,0,1,0,1,0,1,0,0,0,0,0,1,0,0,0,0,0,0,1,0,1,0,0,0,0,0,1,0,0,1,0,0,0,0,0,0,0
"2263","chromosome_2",2552920,"AC","A",0,1,1,0,0,1,1,0,1,0,1,0,1,0,1,0,0,0,0,0,1,0,0,0,0,0,0,1,0,1,0,0,0,0,0,1,0,0,1,0,0,0,0,0,0,0
"2264","chromosome_2",2553226,"C","T",0,1,1,0,0,1,1,0,1,0,1,0,1,0,1,0,0,0,0,0,1,0,0,0,0,0,0,1,0,1,0,0,0,0,0,1,0,0,1,0,0,0,0,0,0,0
"2265","chromosome_2",2557020,"G","A",0,1,1,0,0,1,1,0,1,0,1,0,1,0,1,0,0,0,0,0,1,0,0,0,0,0,0,1,0,1,0,0,0,0,0,1,0,0,1,0,0,0,0,0,0,0
"2266","chromosome_2",2557491,"G","A",0,1,1,0,0,1,1,0,1,0,1,0,1,0,1,0,0,0,0,0,1,0,0,0,0,0,0,1,0,1,0,0,0,0,0,1,0,0,1,0,0,0,0,0,0,0
"2267","chromosome_2",2560197,"T","A",0,1,1,0,0,1,1,0,1,0,1,0,1,0,1,0,0,0,0,0,1,0,0,0,0,0,0,1,0,1,0,0,0,0,0,1,0,0,1,0,0,0,0,0,0,0
"2268","chromosome_2",2560434,"A","C",0,1,1,0,0,1,1,0,1,0,1,0,1,0,1,0,0,0,0,0,1,0,0,0,0,0,0,1,0,1,0,0,0,0,0,1,0,0,1,0,0,0,0,0,0,0
"2269","chromosome_2",2564322,"T","C",0,1,1,0,0,1,1,0,1,0,1,0,1,0,1,0,0,0,0,0,1,0,0,0,0,0,0,1,0,1,0,0,0,0,0,1,0,0,1,0,0,0,0,0,0,0
"2270","chromosome_2",2566252,"A","G",0,1,1,0,0,1,1,0,1,0,1,0,1,0,1,0,0,0,0,0,1,0,0,0,0,0,0,1,0,1,0,0,0,0,0,1,0,0,1,0,0,0,0,0,0,0
"2271","chromosome_2",2567419,"T","TCTC",0,1,1,0,0,1,1,0,1,0,1,0,1,0,1,0,0,0,0,0,1,0,0,0,0,0,0,1,0,1,0,0,0,0,0,1,0,0,1,0,0,0,0,0,0,0
"2272","chromosome_2",2574293,"A","C",0,1,1,0,0,1,1,0,1,0,1,0,1,0,1,0,0,0,0,0,1,0,0,0,0,0,0,1,0,1,0,0,0,0,0,1,0,0,1,0,0,0,0,0,0,0
"2273","chromosome_2",2576499,"T","TA",0,1,1,0,0,1,1,0,1,0,1,0,1,0,1,0,0,0,0,0,1,0,0,0,0,0,0,1,0,1,0,0,0,0,0,1,0,0,1,0,0,0,0,0,0,0
"2274","chromosome_2",2576500,"T","C",0,1,1,0,0,1,1,0,1,0,1,0,1,0,1,0,0,0,0,0,1,0,0,0,0,0,0,1,0,1,0,0,0,0,0,1,0,0,1,0,0,0,0,0,0,0
"2275","chromosome_2",2576944,"T","C",0,1,1,0,0,1,1,0,1,0,1,0,1,0,1,0,0,0,0,0,1,0,0,0,0,0,0,1,0,1,0,0,0,0,0,1,0,0,1,0,0,0,0,0,0,0
"2276","chromosome_2",2578048,"AC","A",0,1,1,0,0,1,1,0,1,0,1,0,1,0,1,0,0,0,0,0,1,0,0,0,0,0,0,1,0,1,0,0,0,0,0,1,0,0,1,0,0,0,0,0,0,0
"2277","chromosome_2",2580336,"T","G",0,1,1,0,0,1,1,0,1,0,1,0,1,0,1,0,0,0,0,0,1,0,0,0,0,0,0,1,0,1,0,0,0,0,0,1,0,0,1,0,0,0,0,0,0,0
"2278","chromosome_2",2584532,"G","C",0,1,1,0,0,1,1,0,1,0,1,0,1,0,1,0,0,0,0,0,1,0,0,0,0,0,0,1,0,1,0,0,0,0,0,1,0,0,1,0,0,0,0,0,0,0
"2279","chromosome_2",2585748,"A","G",0,1,1,0,0,1,1,0,1,0,1,0,1,0,1,0,0,0,0,0,1,0,0,0,0,0,0,1,0,1,0,0,0,0,0,1,0,0,1,0,0,0,0,0,0,0
"2280","chromosome_2",2588585,"A","C",0,1,NA,0,0,1,1,0,1,0,1,0,1,0,1,0,0,0,0,0,1,0,0,1,0,0,0,1,0,1,0,0,0,0,0,1,0,0,1,0,0,0,0,0,0,0
"2281","chromosome_2",2588600,"G","A",0,1,NA,0,0,1,1,0,1,0,1,0,1,0,1,0,0,0,0,0,1,0,0,1,0,0,0,1,0,1,0,0,0,0,0,1,0,0,1,0,0,0,0,0,0,0
