"","chromosome","position","X968_allele","Y0036_allele","X968","Y0036","R1_1","R1_2","R1_3","R1_5","R1_6","R1_7","R1_8","R1_10","R1_11","R1_12","R1_13","R1_16","R1_15","R1_17","R1_18","R1_19","R1_20","R1_21","R1_22","R1_23","R1_24","R1_14","R1_25","R1_26","R1_27","R1_28","R1_29","R1_30","R1_31","R1_32","R1_33","R1_35","R1_36","R1_37","R1_38","R1_39","R1_40","R1_41","R1_42","R1_43","R1_46","R1_47","R1_9","R1_34","R1_44","R1_49","R1_50","R1_51","R1_52","R1_53","R1_54","R1_4"
"2332","chromosome_2",2202682,"A","G",0,1,NA,0,0,1,0,1,0,NA,0,1,0,NA,0,NA,NA,0,NA,NA,NA,0,1,NA,0,0,NA,0,NA,0,0,0,0,NA,NA,NA,0,0,1,NA,NA,NA,0,NA,0,0,1,NA,1,NA,1,0,1,1
"2333","chromosome_2",2228418,"T","C",0,1,NA,0,0,1,0,1,0,NA,0,1,0,0,0,1,1,0,0,0,0,0,1,NA,0,0,0,0,0,0,0,0,0,0,0,0,0,0,1,0,0,0,0,0,0,0,1,NA,1,NA,1,0,1,1
"2337","chromosome_2",2305695,"C","T",0,1,NA,0,0,1,0,1,0,1,0,1,0,0,0,NA,1,0,0,0,0,0,NA,0,0,0,0,0,0,0,0,0,0,0,0,0,0,0,1,0,0,0,0,0,0,0,1,NA,1,1,1,0,1,1
"2338","chromosome_2",2310884,"C","T",0,1,NA,0,0,1,0,1,0,1,0,1,0,0,0,NA,1,0,0,0,0,0,1,0,0,0,0,0,0,0,0,0,0,0,0,0,0,0,1,0,0,0,0,0,0,0,1,NA,1,1,1,0,1,1
"2339","chromosome_2",2311107,"G","C",0,1,NA,0,0,1,0,1,0,1,0,1,0,0,0,NA,1,0,0,0,0,0,1,0,0,0,0,0,0,0,0,0,0,0,0,0,0,0,1,0,0,0,0,0,0,0,1,NA,1,1,1,0,1,1
"2340","chromosome_2",2312083,"C","T",0,1,1,0,0,1,0,1,0,1,0,1,0,0,0,1,1,0,0,0,0,0,1,0,0,0,0,0,0,0,0,0,0,0,0,0,0,0,1,0,0,0,0,0,0,0,1,NA,1,1,1,0,1,1
"2341","chromosome_2",2316554,"TA","T",0,1,NA,0,0,1,0,1,0,1,0,1,0,0,0,1,1,0,0,0,0,0,1,0,0,0,0,0,0,0,0,0,0,0,0,0,0,0,1,0,0,0,0,0,0,0,1,NA,1,1,1,0,1,1
"2342","chromosome_2",2316851,"TA","T",0,1,NA,0,0,1,0,1,0,1,0,1,0,0,0,1,1,0,0,0,0,0,1,0,0,0,0,0,0,0,0,0,0,0,0,0,0,0,1,0,0,0,0,0,0,0,1,NA,1,1,1,0,1,1
"2343","chromosome_2",2317549,"C","A",0,1,NA,0,0,1,0,1,0,1,0,1,0,0,0,1,1,0,0,0,0,0,1,0,0,0,0,0,0,0,0,0,0,0,0,0,0,0,1,0,0,0,0,0,0,0,1,NA,1,1,1,0,1,1
"2344","chromosome_2",2323914,"A","G",0,1,NA,0,0,1,0,1,0,1,0,1,0,0,0,1,1,0,0,0,0,0,1,0,0,0,0,0,0,0,0,0,0,0,0,0,0,0,1,0,0,0,0,0,0,0,1,NA,1,1,1,0,1,1
"2345","chromosome_2",2326615,"C","A",0,1,NA,0,0,1,0,1,0,1,0,1,0,0,0,1,1,0,0,0,0,0,1,0,0,0,0,0,0,0,0,0,0,0,0,0,0,0,1,0,0,0,0,0,0,0,1,NA,1,1,1,0,1,1
"2346","chromosome_2",2327939,"G","A",0,1,NA,0,0,1,0,1,0,1,0,1,0,0,0,1,1,0,0,0,0,0,1,0,0,0,0,0,0,0,0,0,0,0,0,0,0,0,1,0,0,0,0,0,0,0,1,NA,1,1,1,0,1,1
"2347","chromosome_2",2328246,"C","T",0,1,NA,0,0,1,0,1,0,1,0,1,0,0,0,1,1,0,0,0,0,0,1,0,0,0,0,0,0,0,0,0,0,0,0,0,0,0,1,0,0,0,0,0,0,0,1,NA,1,1,1,0,1,1
"2348","chromosome_2",2328339,"C","T",0,1,NA,0,0,1,0,1,0,1,0,1,0,0,0,1,1,0,0,0,0,0,1,0,0,0,0,0,0,0,0,0,0,0,0,0,0,0,1,0,0,0,0,0,0,0,1,NA,1,1,1,0,1,1
"2349","chromosome_2",2329401,"A","AG",0,1,NA,0,0,1,0,1,0,1,0,1,0,0,0,1,1,0,0,0,0,0,1,0,0,0,0,0,0,0,0,0,0,0,0,0,0,0,1,0,0,0,0,0,0,0,1,NA,1,1,1,0,1,1
"2350","chromosome_2",2329425,"G","C",0,1,NA,0,0,1,0,1,0,1,0,1,0,0,0,1,1,0,0,0,0,0,1,0,0,0,0,0,0,0,0,0,0,0,0,0,0,0,1,0,0,0,0,0,0,0,1,NA,1,1,1,0,1,1
"2351","chromosome_2",2329747,"A","G",0,1,NA,0,0,1,0,1,0,1,0,1,0,0,0,1,1,0,0,0,0,0,1,0,0,0,0,0,0,0,0,0,0,0,0,0,0,0,1,0,0,0,0,0,0,0,1,NA,1,1,1,0,1,1
"2352","chromosome_2",2330408,"C","A",0,1,NA,0,0,1,0,1,0,1,0,1,0,0,0,NA,1,0,0,0,0,0,1,0,0,0,0,0,0,0,0,0,0,0,0,0,0,0,1,0,0,0,0,0,0,0,1,NA,1,1,1,0,1,1
"2353","chromosome_2",2334988,"CT","C",0,1,NA,0,0,1,0,1,0,1,0,1,0,0,0,NA,NA,0,0,NA,0,0,1,0,0,0,0,0,0,0,0,0,0,0,0,0,0,0,NA,0,0,0,0,0,0,0,1,NA,1,1,1,0,1,1
"2354","chromosome_2",2358836,"A","AT",0,1,NA,0,0,1,0,1,0,1,0,1,0,0,0,NA,NA,0,0,NA,0,0,1,0,0,0,0,0,0,0,0,0,0,0,0,0,0,0,NA,0,0,0,0,0,0,0,0,NA,0,0,1,0,1,1
"2355","chromosome_2",2359346,"G","GT",0,1,NA,0,0,1,0,1,0,1,0,1,0,0,0,NA,NA,0,0,NA,0,0,1,0,0,0,0,0,0,0,0,0,0,0,0,0,0,0,NA,0,0,0,0,0,0,0,0,NA,0,0,1,0,1,1
"2356","chromosome_2",2363654,"A","T",0,1,NA,0,0,1,0,1,0,1,0,1,0,0,0,NA,NA,0,0,NA,0,0,1,0,0,0,0,0,0,0,0,0,0,0,0,0,0,0,NA,0,0,0,0,0,0,0,0,NA,0,0,1,0,1,1
"2357","chromosome_2",2364604,"G","A",0,1,NA,0,0,1,0,1,0,1,0,1,0,0,0,NA,NA,0,0,1,0,0,1,0,0,0,0,0,0,0,0,0,0,0,0,0,0,0,0,0,0,0,0,0,0,0,0,NA,0,0,1,0,1,1
"2358","chromosome_2",2367068,"G","A",0,1,NA,0,0,1,0,1,0,1,0,1,0,0,0,NA,NA,0,0,1,0,0,1,0,0,0,0,0,0,0,0,0,0,0,0,0,0,0,0,0,0,0,0,0,0,0,0,NA,0,0,1,0,1,1
"2359","chromosome_2",2378455,"C","T",0,1,NA,0,0,1,0,1,0,1,0,1,0,0,0,0,0,0,0,1,0,0,1,0,0,0,0,0,0,0,0,0,0,0,0,0,0,0,0,0,0,0,0,0,0,0,0,NA,0,0,1,0,1,1
"2360","chromosome_2",2380243,"C","A",0,1,NA,0,0,1,0,1,0,1,0,1,0,0,0,0,0,0,0,1,0,0,1,0,0,0,0,0,0,0,0,0,0,0,0,0,0,0,0,0,0,0,0,0,0,0,0,NA,0,0,1,0,1,1
"2361","chromosome_2",2385042,"CAA","C",0,1,NA,0,0,1,0,1,0,1,0,1,0,0,0,0,0,0,0,1,0,0,1,0,0,0,0,0,0,0,0,0,0,0,0,0,0,0,0,0,0,0,0,0,0,0,0,NA,0,0,1,0,1,1
"2362","chromosome_2",2387677,"A","G",0,1,NA,0,0,1,0,1,0,1,0,1,0,0,0,0,0,0,0,1,0,0,1,0,0,0,0,0,0,0,0,0,0,0,0,0,0,0,0,0,0,0,0,0,0,0,0,NA,0,0,1,0,1,1
"2363","chromosome_2",2388281,"T","G",0,1,NA,0,0,1,0,1,0,1,0,1,0,0,0,0,0,0,0,1,0,0,1,0,0,0,0,0,0,0,0,0,0,0,0,0,0,0,0,0,0,0,0,0,0,0,0,NA,0,0,1,0,1,1
"2364","chromosome_2",2418555,"T","C",0,1,NA,0,0,1,0,1,0,1,0,1,0,0,0,0,0,0,0,1,0,0,1,0,0,0,0,0,0,0,0,0,0,0,0,0,0,0,0,0,0,0,0,0,0,0,0,NA,0,0,1,0,1,1
"2365","chromosome_2",2420149,"A","AT",0,1,NA,0,0,1,0,1,0,1,0,1,0,0,0,0,0,0,0,1,0,0,1,0,0,0,0,0,0,0,0,0,0,0,0,0,0,0,0,0,0,0,0,0,0,0,0,NA,0,0,1,0,1,1
"2366","chromosome_2",2420208,"C","T",0,1,NA,0,0,1,0,1,0,1,0,1,0,0,0,0,0,0,0,1,0,0,1,0,0,0,0,0,0,0,0,0,0,0,0,0,0,0,0,0,0,0,0,0,0,0,0,NA,0,0,1,0,1,1
"2367","chromosome_2",2425776,"C","CT",0,1,NA,0,0,1,0,1,0,1,0,1,0,0,0,0,0,0,0,1,0,0,1,0,0,0,0,0,0,0,0,0,0,0,0,0,0,0,0,0,0,0,0,0,0,0,0,NA,0,0,1,0,1,1
"2368","chromosome_2",2427851,"C","T",0,1,NA,0,0,1,0,1,0,1,0,1,0,0,0,0,0,0,0,1,0,0,1,0,0,0,0,0,0,0,0,0,0,0,0,0,0,0,0,0,0,0,0,0,0,0,0,NA,0,0,1,0,1,1
"2369","chromosome_2",2435580,"AT","A",0,1,NA,0,0,1,0,1,0,1,0,1,0,0,0,0,0,0,0,1,0,0,1,0,0,0,0,0,0,0,0,0,0,0,0,0,0,0,0,0,0,0,0,0,0,0,0,NA,0,0,1,0,1,1
"2370","chromosome_2",2436559,"T","C",0,1,NA,0,0,1,0,1,0,1,0,1,0,0,0,0,0,0,0,1,0,0,1,0,0,0,0,0,0,0,0,0,0,0,0,0,0,0,0,0,0,0,0,0,0,0,0,NA,0,0,1,0,1,1
"2371","chromosome_2",2436911,"A","G",0,1,NA,0,0,1,0,1,0,1,0,1,0,0,0,0,0,0,0,1,0,0,1,0,0,0,0,0,0,0,0,0,0,0,0,0,0,0,0,0,0,0,0,0,0,0,0,NA,0,0,1,0,1,1
"2372","chromosome_2",2437248,"C","T",0,1,NA,0,0,1,0,1,0,1,0,1,0,0,0,0,0,0,0,1,0,0,1,0,0,0,0,0,0,0,0,0,0,0,0,0,0,0,0,0,0,0,0,0,0,0,0,NA,0,0,1,0,1,1
"2373","chromosome_2",2438335,"C","T",0,1,NA,0,0,1,0,1,0,1,0,1,0,0,0,0,0,0,0,1,0,0,1,0,0,0,0,0,0,0,0,0,0,0,0,0,0,0,0,0,0,0,0,0,0,0,0,NA,0,0,1,0,1,1
"2375","chromosome_2",2439430,"A","AT",0,1,NA,0,0,1,0,1,0,1,0,1,0,0,0,0,0,0,0,1,0,0,1,0,0,0,0,0,0,0,0,0,0,0,0,0,0,0,0,0,0,0,0,0,0,0,0,NA,0,0,1,0,1,1
"2376","chromosome_2",2440301,"T","A",0,1,NA,0,0,1,0,1,0,1,0,1,0,0,0,0,0,0,0,1,0,0,1,0,0,0,0,0,0,0,0,0,0,0,0,0,0,0,0,0,0,0,0,0,0,0,0,NA,0,0,1,0,1,1
"2377","chromosome_2",2442588,"T","C",0,1,NA,0,0,1,0,1,0,1,0,1,0,0,0,0,0,0,0,1,0,0,1,0,0,0,0,0,0,0,0,0,0,0,0,0,0,0,0,0,0,0,0,0,0,0,0,NA,0,0,1,0,1,1
"2378","chromosome_2",2442617,"A","C",0,1,NA,0,0,1,0,1,0,1,0,1,0,0,0,0,0,0,0,1,0,0,1,0,0,0,0,0,0,0,0,0,0,0,0,0,0,0,0,0,0,0,0,0,0,0,0,NA,0,0,1,0,1,1
"2379","chromosome_2",2442808,"G","A",0,1,NA,0,0,1,0,1,0,1,0,1,0,0,0,0,0,0,0,1,0,0,1,0,0,0,0,0,0,0,0,0,0,0,0,0,0,0,0,0,0,0,0,0,0,0,0,NA,0,0,1,0,1,1
"2380","chromosome_2",2443055,"AT","A",0,1,NA,0,0,1,0,1,0,1,0,1,0,0,0,0,0,0,0,1,0,0,1,0,0,0,0,0,0,0,0,0,0,0,0,0,0,0,0,0,0,0,0,0,0,0,0,NA,0,0,1,0,1,1
"2381","chromosome_2",2444081,"T","C",0,1,NA,0,0,1,0,1,0,1,0,1,0,0,0,0,0,0,0,1,0,0,1,0,0,0,0,0,0,0,0,0,0,0,0,0,0,0,0,0,0,0,0,0,0,0,0,NA,0,0,1,0,1,1
"2382","chromosome_2",2444308,"T","A",0,1,NA,0,0,1,0,1,0,1,0,1,0,0,0,0,0,0,0,1,0,0,1,0,0,0,0,0,0,0,0,0,0,0,0,0,0,0,0,0,0,0,0,0,0,0,0,NA,0,0,1,0,1,1
"2383","chromosome_2",2446853,"T","C",0,1,NA,0,0,1,0,1,0,1,0,1,0,0,0,0,0,0,0,1,0,0,1,0,0,0,0,0,0,0,0,0,0,0,0,0,0,0,0,0,0,0,0,0,0,0,0,NA,0,0,1,0,1,1
"2384","chromosome_2",2447183,"T","A",0,1,NA,0,0,1,0,1,0,1,0,1,0,0,0,0,0,0,0,1,0,0,1,0,0,0,0,0,0,0,0,0,0,0,0,0,0,0,0,0,0,0,0,0,0,0,0,NA,0,0,1,0,1,1
"2385","chromosome_2",2447678,"G","GT",0,1,0,0,0,1,0,1,0,1,0,1,0,0,0,0,0,0,0,1,0,0,1,0,0,0,0,0,0,0,0,0,0,0,0,0,0,0,0,0,0,0,0,0,0,0,0,NA,0,0,1,0,1,1
"2386","chromosome_2",2449202,"A","G",0,1,NA,0,0,1,0,1,0,1,0,1,0,0,0,0,0,0,0,1,0,0,1,0,0,0,0,0,0,0,0,0,0,0,0,0,0,0,0,0,0,0,0,0,0,0,0,NA,0,0,1,0,1,1
"2387","chromosome_2",2450844,"G","A",0,1,NA,0,0,1,0,1,0,1,0,1,0,0,0,0,0,0,0,1,0,0,1,0,0,0,0,0,0,0,0,0,0,0,0,0,0,0,0,0,0,0,0,0,0,0,0,NA,0,0,1,0,1,1
"2388","chromosome_2",2450917,"TG","T",0,1,NA,0,0,1,0,1,0,1,0,1,0,0,0,0,0,0,0,1,0,0,1,0,0,0,0,0,0,0,0,0,0,0,0,0,0,0,0,0,0,0,0,0,0,0,0,NA,0,0,1,0,1,1
"2389","chromosome_2",2451069,"G","A",0,1,NA,0,0,1,0,1,0,1,0,1,0,0,0,0,0,0,0,1,0,0,1,0,0,0,0,0,0,0,0,0,0,0,0,0,0,0,0,0,0,0,0,0,0,0,0,NA,0,0,1,0,1,1
"2390","chromosome_2",2452181,"G","A",0,1,NA,0,0,1,0,1,0,1,0,1,0,0,0,0,0,0,0,1,0,0,1,0,0,0,0,0,0,0,0,0,0,0,0,0,0,0,0,0,0,0,0,0,0,0,0,NA,0,0,1,0,1,1
"2391","chromosome_2",2457217,"T","A",0,1,NA,0,0,1,0,1,0,1,0,1,0,0,0,0,0,0,0,1,0,0,1,0,0,0,0,0,0,0,0,0,0,0,0,0,0,0,0,0,0,0,0,0,0,0,0,NA,0,0,1,0,1,1
"2392","chromosome_2",2461512,"T","A",0,1,NA,0,0,1,0,1,0,1,0,1,0,0,0,0,0,0,0,1,0,0,1,0,0,0,0,0,0,0,0,0,0,0,0,0,0,0,0,0,0,0,0,0,0,0,0,NA,0,0,1,0,1,1
"2393","chromosome_2",2461523,"C","T",0,1,NA,0,0,1,0,1,0,1,0,1,0,0,0,0,0,0,0,1,0,0,1,0,0,0,0,0,0,0,0,0,0,0,0,0,0,0,0,0,0,0,0,0,0,0,0,NA,0,0,1,0,1,1
"2394","chromosome_2",2461663,"A","T",0,1,NA,0,0,1,0,1,0,1,0,1,0,0,0,0,0,0,0,1,0,0,1,0,0,0,0,0,0,0,0,0,0,0,0,0,0,0,0,0,0,0,0,0,0,0,0,NA,0,0,1,0,1,1
"2395","chromosome_2",2461833,"C","T",0,1,NA,0,0,1,0,1,0,1,0,1,0,0,0,0,0,0,0,1,0,0,1,0,0,0,0,0,0,0,0,0,0,0,0,0,0,0,0,0,0,0,0,0,0,0,0,NA,0,0,1,0,1,1
"2396","chromosome_2",2461868,"T","C",0,1,NA,0,0,1,0,1,0,1,0,1,0,0,0,0,0,0,0,1,0,0,1,0,0,0,0,0,0,0,0,0,0,0,0,0,0,0,0,0,0,0,0,0,0,0,0,NA,0,0,1,0,1,1
"2397","chromosome_2",2461927,"A","G",0,1,NA,0,0,1,0,1,0,1,0,1,0,0,0,0,0,0,0,1,0,0,1,0,0,0,0,0,0,0,0,0,0,0,0,0,0,0,0,0,0,0,0,0,0,0,0,NA,0,0,1,0,1,1
"3540","chromosome_3",41504,"T","C",0,1,1,0,0,0,0,1,0,0,1,1,0,0,1,0,0,0,1,0,0,1,1,0,1,0,0,0,1,0,0,0,0,0,1,0,1,1,0,1,0,0,1,1,0,1,0,1,0,0,1,1,1,1
"3541","chromosome_3",47493,"C","G",0,1,1,0,0,0,0,1,0,0,1,1,0,0,1,0,0,0,1,0,0,1,1,0,1,0,0,0,1,0,0,0,0,0,1,0,1,1,0,1,0,0,1,1,0,1,0,1,0,0,1,1,1,1
"3542","chromosome_3",53819,"C","T",0,1,1,0,0,0,0,1,0,0,1,1,0,0,1,0,0,0,1,0,0,1,1,0,1,0,0,0,1,0,0,0,0,0,1,0,1,1,0,1,0,0,1,1,0,1,0,1,0,0,1,1,1,1
